<application>
  <component name="PhpRefactoringSettings">
    <option name="EXTRACT_METHOD_DEFAULT_VISIBILITY" value="private" />
  </component>
  <component name="RefactoringSettings">
    <option name="RENAME_SEARCH_IN_COMMENTS_FOR_VARIABLE" value="false" />
    <option name="RENAME_SEARCH_FOR_TEXT_FOR_PACKAGE" value="false" />
    <option name="MOVE_PREVIEW_USAGES" value="false" />
    <option name="INTRODUCE_PARAMETER_REPLACE_FIELDS_WITH_GETTERS" value="1" />
    <option name="INTRODUCE_FIELD_VISIBILITY" value="private" />
    <option name="INTRODUCE_CONSTANT_VISIBILITY" value="public" />
    <option name="INTRODUCE_LOCAL_CREATE_FINALS" value="false" />
  </component>
</application>