<application>
  <component name="FileTypeManager" version="17">
    <extensionMap>
      <mapping pattern="*.js.flow" type="Flow" />
      <mapping pattern="*.js.flow" type="Flow" />
      <mapping pattern="update-product-1513" type="JSON" />
      <mapping ext="gradle.kts" type="Kotlin" />
      <mapping pattern="Overview" type="Markdown" />
      <mapping pattern="notes" type="Markdown" />
      <mapping pattern="TODO-mat" type="PLAIN_TEXT" />
      <mapping pattern="mapping-notes" type="PLAIN_TEXT" />
      <mapping pattern="perf-test-output" type="PLAIN_TEXT" />
      <mapping pattern="known_hosts" type="PLAIN_TEXT" />
      <mapping pattern="config" type="PLAIN_TEXT" />
      <mapping pattern="asdf" type="PLAIN_TEXT" />
      <mapping pattern="1513" type="PLAIN_TEXT" />
      <mapping pattern="requests" type="PLAIN_TEXT" />
      <mapping pattern="Foo" type="PLAIN_TEXT" />
      <mapping pattern="env" type="PLAIN_TEXT" />
      <mapping ext="confi" type="PLAIN_TEXT" />
      <mapping ext="tr" type="PLAIN_TEXT" />
      <mapping ext="mockmaker" type="PLAIN_TEXT" />
      <mapping ext="base64" type="PLAIN_TEXT" />
      <mapping ext="bak" type="PLAIN_TEXT" />
      <removed_mapping ext="cmd" approved="true" type="PLAIN_TEXT" />
      <removed_mapping ext="bat" approved="true" type="PLAIN_TEXT" />
      <removed_mapping ext="log" approved="true" type="PLAIN_TEXT" />
      <removed_mapping ext="bat" approved="true" type="PLAIN_TEXT" />
      <removed_mapping ext="log" approved="true" type="PLAIN_TEXT" />
      <removed_mapping ext="dockerfile" approved="true" type="textmate" />
      <removed_mapping ext="makefile" approved="true" type="textmate" />
      <removed_mapping ext="cmd" approved="true" type="PLAIN_TEXT" />
      <removed_mapping ext="snakefile" approved="true" type="textmate" />
    </extensionMap>
  </component>
</application>