<application>
  <component name="FileTypeManager" version="17">
    <extensionMap>
      <mapping ext="klib" type="ARCHIVE" />
      <mapping pattern="Overview" type="Markdown" />
      <mapping pattern="notes" type="Markdown" />
      <mapping pattern="config" type="PLAIN_TEXT" />
      <mapping pattern="mapping-notes" type="PLAIN_TEXT" />
      <mapping pattern="env" type="PLAIN_TEXT" />
      <mapping ext="confi" type="PLAIN_TEXT" />
      <mapping ext="tr" type="PLAIN_TEXT" />
      <mapping ext="base64" type="PLAIN_TEXT" />
    </extensionMap>
  </component>
</application>