<application>
  <component name="DefaultFont">
    <option name="FONT_SIZE" value="14" />
  </component>
  <component name="EditorSettings">
    <option name="USE_SOFT_WRAPS" value="MAIN_EDITOR" />
    <option name="IS_ENSURE_NEWLINE_AT_EOF" value="true" />
    <option name="IS_WHEEL_FONTCHANGE_ENABLED" value="true" />
  </component>
  <component name="TodoConfiguration">
    <pattern pattern="\btodo\b.*" />
    <pattern pattern="\bfixme\b.*" />
    <pattern pattern="\btodo mhau\b.*" />
    <pattern icon="question" pattern="\btodo mhau: discuss\b.*" />
    <filter name="todo mhau">
      <pattern index="3" />
      <pattern index="2" />
    </filter>
    <filter name="todo mhau: discuss">
      <pattern index="3" />
    </filter>
  </component>
</application>